strategy,family,interval,port_cagr,port_sharpe,port_sortino,port_maxdd,port_calmar,port_vol,port_psr,port_total,med_sharpe,mean_cagr,med_maxdd,exposure,trades_per_year,win_rate,beat_bh_sharpe,beat_bh_return,n_assets
keltner_breakout,breakout,1d,0.62629,1.64076,2.52887,-0.27086,2.31225,0.32981,0.99997,21.17610,0.91492,0.56886,-0.59842,0.20013,3.94236,0.48619,0.65000,0.60000,20
bollinger_breakout,breakout,1d,0.76133,1.63977,2.53578,-0.40147,1.89634,0.39238,0.99998,35.86775,0.99144,0.61132,-0.64456,0.28323,6.70065,0.40198,0.60000,0.65000,20
turtle_20_10,breakout,1d,0.73772,1.51221,2.27878,-0.46817,1.57577,0.42579,0.99992,32.82940,0.82670,0.54981,-0.71890,0.32341,5.08611,0.37154,0.60000,0.70000,20
ema_cross_12_26,trend,1d,0.91824,1.50346,2.25073,-0.55297,1.66056,0.52660,0.99990,62.50821,0.97284,0.70458,-0.74393,0.45005,5.57191,0.35383,0.70000,0.85000,20
tsmom_30,trend,1d,0.88867,1.47685,2.21104,-0.66659,1.33315,0.52466,0.99988,56.52133,0.96816,0.79853,-0.74680,0.46825,13.47370,0.36363,0.70000,0.85000,20
ichimoku,trend,1d,0.62629,1.47026,2.11476,-0.39987,1.56621,0.38152,0.99975,21.17573,0.78015,0.53846,-0.75929,0.28455,5.15199,0.43297,0.60000,0.65000,20
trend_bot_v1,ensemble,1d,0.68366,1.46522,2.13361,-0.40752,1.67763,0.41551,0.99981,26.65897,0.86522,0.60047,-0.68259,0.32754,6.63014,0.38494,0.65000,0.75000,20
own_v05_fast_trend,ensemble,1d,0.68496,1.46124,2.13897,-0.46424,1.47544,0.41752,0.99983,26.79456,1.03165,0.69049,-0.66405,0.36651,8.35017,0.29769,0.65000,0.80000,20
heikin_ashi_trend,trend,1d,0.60970,1.45426,2.31195,-0.41256,1.47784,0.37569,0.99990,19.77331,0.83865,0.58959,-0.66511,0.29930,16.89893,0.39463,0.60000,0.55000,20
chandelier_exit,trend,1d,0.82088,1.44964,2.19104,-0.62752,1.30814,0.50006,0.99986,44.56950,0.90130,0.68329,-0.71907,0.44575,5.03892,0.42386,0.70000,0.75000,20
macd_gekko,trend,1d,0.83856,1.43900,2.19292,-0.49578,1.69140,0.51589,0.99986,47.46375,0.88550,0.54584,-0.74345,0.51758,12.48593,0.37375,0.75000,0.65000,20
sma_cross_10_20,trend,1d,0.86293,1.43683,2.08961,-0.63607,1.35665,0.53386,0.99979,51.70524,0.79432,0.58697,-0.79955,0.48204,9.60071,0.39064,0.60000,0.80000,20
supertrend_10_3,trend,1d,0.83082,1.40222,2.07350,-0.67250,1.23542,0.53436,0.99974,46.17840,0.85483,0.73345,-0.77785,0.47988,3.89872,0.42024,0.65000,0.75000,20
parabolic_sar,trend,1d,0.75063,1.39308,2.13399,-0.57380,1.30818,0.48728,0.99978,34.46395,0.69373,0.55409,-0.75777,0.47048,13.59365,0.39788,0.65000,0.65000,20
hull_trend,trend,1d,0.59119,1.19520,1.70766,-0.59789,0.98880,0.49074,0.99842,18.29725,0.82665,0.52166,-0.82748,0.45790,7.92977,0.37245,0.60000,0.65000,20
adx_trend,trend,1d,0.45421,1.19076,1.73955,-0.49049,0.92603,0.37371,0.99837,9.87323,0.67423,0.41436,-0.71675,0.28117,5.97984,0.33593,0.40000,0.65000,20
ut_bot,trend,1d,0.57172,1.17077,1.80245,-0.63754,0.89676,0.48733,0.99855,16.84115,0.71227,0.37051,-0.76869,0.46258,18.62417,0.37356,0.40000,0.55000,20
turtle_55_20,breakout,1d,0.41699,1.15821,1.66618,-0.36511,1.14209,0.35682,0.99756,8.21708,0.52325,0.48282,-0.79513,0.21474,2.90400,0.29728,0.40000,0.50000,20
own_v01_all_bots,ensemble,1d,0.23573,1.11476,1.60215,-0.27451,0.85874,0.20971,0.99714,2.85294,0.89945,0.28169,-0.42519,0.22300,0.20183,0.95000,0.70000,0.55000,20
own_v04_vol_target,ensemble,1d,0.17605,1.08809,1.56332,-0.24550,0.71711,0.16100,0.99652,1.81060,0.83203,0.20258,-0.36465,0.16599,7.44759,0.21683,0.60000,0.50000,20
squeeze_momentum,breakout,1d,0.21845,1.03510,1.61243,-0.31105,0.70230,0.21269,0.99577,2.52228,0.62416,0.20334,-0.54499,0.11168,5.15956,0.43632,0.35000,0.50000,20
own_v03_slow_trend,ensemble,1d,0.40472,1.01046,1.45750,-0.56274,0.71918,0.42886,0.99360,7.72010,0.62037,0.39440,-0.75770,0.35809,7.44759,0.18464,0.50000,0.55000,20
buy_hold,benchmark,1d,0.60721,0.98957,1.39487,-0.88925,0.68283,0.89226,0.99300,19.56890,0.64719,0.42131,-0.93332,0.99867,0.20183,0.55000,0.00000,0.00000,20
own_v02_follow_best,ensemble,1d,0.23266,0.96124,1.38869,-0.31538,0.73771,0.25050,0.99126,2.79237,0.50862,0.26400,-0.54524,0.22374,10.31640,0.53095,0.35000,0.40000,20
dca_bot,bot,1d,0.38341,0.82595,1.14048,-0.76628,0.50035,0.68924,0.97941,6.91084,0.67147,0.25336,-0.84897,0.72733,44.48043,0.99146,0.35000,0.45000,20
sma200_filter,trend,1d,0.31275,0.82455,1.17393,-0.66582,0.46971,0.46239,0.97921,4.66392,0.50950,0.27353,-0.85199,0.34964,5.18635,0.16226,0.25000,0.40000,20
ft_multi_ma,trend,1d,0.19854,0.81072,1.14340,-0.45600,0.43540,0.26818,0.97745,2.17124,0.49985,0.18908,-0.65109,0.18698,11.71291,0.55422,0.30000,0.40000,20
tsmom_90,trend,1d,0.32609,0.81066,1.12809,-0.72465,0.45000,0.52425,0.97599,5.04106,0.55412,0.28039,-0.88205,0.42315,7.88251,0.28325,0.25000,0.30000,20
grid_bot,bot,1d,0.31263,0.80448,1.05573,-0.71604,0.43661,0.49826,0.97478,4.66080,0.49540,0.23089,-0.75973,0.44194,829.43367,0.98552,0.30000,0.45000,20
ml_lorentzian_knn,ml,1d,0.09180,0.72122,1.07419,-0.12109,0.75807,0.13430,0.96445,0.75009,0.28425,0.08548,-0.44275,0.05596,8.02929,0.57485,0.05000,0.40000,20
golden_cross_50_200,trend,1d,0.23126,0.67435,0.93599,-0.68020,0.33999,0.51017,0.95054,2.76497,0.49083,0.21067,-0.80963,0.35610,1.18557,0.38857,0.15000,0.40000,20
stochrsi_gekko,mean_reversion,1d,0.13824,0.51759,0.71964,-0.77385,0.17863,0.56683,0.90216,1.28215,0.23685,-0.01233,-0.85659,0.47640,12.30580,0.56640,0.10000,0.15000,20
rsi_gekko,mean_reversion,1d,0.13061,0.49597,0.72395,-0.69965,0.18669,0.46837,0.89519,1.18652,0.34236,0.06411,-0.78389,0.44249,1.47279,0.61965,0.20000,0.30000,20
ml_logistic,ml,1d,0.11103,0.46123,0.66114,-0.71421,0.15546,0.41532,0.87838,0.95616,0.28355,0.02909,-0.81738,0.31370,32.66667,0.55862,0.20000,0.35000,20
ml_random_forest,ml,1d,0.10703,0.45293,0.64132,-0.71913,0.14883,0.42527,0.87316,0.91161,0.35849,-0.00902,-0.84679,0.31048,30.63464,0.56443,0.10000,0.30000,20
ml_lstm,ml,1d,0.08966,0.42177,0.58833,-0.78793,0.11379,0.48726,0.85583,0.72836,0.18311,-0.02262,-0.89290,0.39623,10.37857,0.57881,0.05000,0.20000,20
ml_ar_forecast,ml,1d,0.08924,0.41526,0.58310,-0.68158,0.13093,0.40642,0.85157,0.72412,0.22576,-0.00326,-0.86623,0.34284,68.37516,0.51150,0.05000,0.30000,20
wavetrend_cross,mean_reversion,1d,0.08671,0.41137,0.58593,-0.70602,0.12282,0.45724,0.85002,0.69881,0.33403,0.07171,-0.79811,0.45337,1.36684,0.61999,0.30000,0.35000,20
ft_bband_rsi,mean_reversion,1d,0.05409,0.38992,0.54431,-0.39064,0.13845,0.17430,0.83494,0.39887,0.32189,0.05663,-0.47743,0.09159,3.32767,0.78662,0.25000,0.45000,20
connors_rsi2,mean_reversion,1d,0.04001,0.28789,0.47679,-0.24460,0.16356,0.21010,0.77618,0.28400,0.18536,0.00451,-0.49674,0.05855,5.60429,0.60865,0.10000,0.20000,20
bollinger_reversion,mean_reversion,1d,-0.01302,0.24195,0.34462,-0.79493,-0.01638,0.52814,0.72903,-0.08014,0.03799,-0.11339,-0.84636,0.44478,3.65754,0.53303,0.05000,0.15000,20
ft_supertrend,trend,1d,0.02247,0.23781,0.30419,-0.62406,0.03601,0.33391,0.72332,0.15214,0.24608,0.02280,-0.78434,0.26389,33.01310,0.59724,0.05000,0.25000,20
ml_freqai_lightgbm,ml,1d,0.01963,0.23428,0.31536,-0.68189,0.02879,0.35286,0.72156,0.13187,0.09373,-0.07951,-0.85623,0.28637,13.17970,0.49157,0.05000,0.30000,20
ft_hlhb,trend,1d,0.00566,0.17396,0.25867,-0.09772,0.05796,0.03623,0.67065,0.03664,0.07997,0.00428,-0.21155,0.01691,2.03090,0.56083,0.10000,0.35000,20
cci_gekko,mean_reversion,1d,-0.11955,0.07766,0.10775,-0.83545,-0.14310,0.58170,0.57763,-0.55575,0.08239,-0.15713,-0.87262,0.48273,6.16921,0.57975,0.00000,0.10000,20
ft_strategy002,mean_reversion,1d,0.00028,0.05970,0.06937,-0.01058,0.02693,0.00498,0.55753,0.00182,0.00000,0.00100,0.00000,0.00010,0.06105,0.80000,0.05000,0.30000,20
williams_r,mean_reversion,1d,-0.13663,-0.03711,-0.04991,-0.81404,-0.16784,0.49874,0.46264,-0.60789,-0.09958,-0.22395,-0.90686,0.42865,7.47352,0.60064,0.00000,0.10000,20
ft_trend_following,trend,1d,-0.04236,-0.05233,-0.06913,-0.50374,-0.08410,0.24516,0.44736,-0.24108,0.13161,-0.02040,-0.73385,0.27078,12.78645,0.82320,0.00000,0.30000,20
ft_strategy001,trend,1d,-0.00229,-0.07026,-0.09217,-0.08840,-0.02588,0.02729,0.42939,-0.01449,0.11110,0.00048,-0.17229,0.01052,2.68918,0.81756,0.10000,0.30000,20
ft_strategy004,mean_reversion,1d,-0.00202,-0.09874,-0.12856,-0.04689,-0.04298,0.01866,0.40057,-0.01277,0.00875,-0.00400,-0.10225,0.00117,0.58240,0.72626,0.05000,0.30000,20
ft_adx_smas,trend,1d,-0.06724,-0.10754,-0.14272,-0.64983,-0.10347,0.27993,0.39282,-0.35827,-0.04190,-0.09157,-0.78349,0.26354,10.81615,0.62903,0.00000,0.20000,20
ft_strategy003,mean_reversion,1d,-0.00169,-0.19909,-0.20485,-0.02045,-0.08280,0.00833,0.25795,-0.01074,0.00000,0.00099,0.00000,0.00000,0.04633,0.66667,0.05000,0.35000,20
ft_strategy005,mean_reversion,1d,-0.00587,-0.33532,-0.34230,-0.04090,-0.14359,0.01712,0.09545,-0.03684,0.00000,-0.00134,0.00000,0.00009,0.10434,0.57143,0.00000,0.30000,20
ft_sample_strategy,mean_reversion,1d,-0.01754,-0.37796,-0.42659,-0.13880,-0.12640,0.04419,0.13863,-0.10666,-0.06215,-0.01494,-0.19847,0.00813,2.45959,0.78088,0.00000,0.25000,20
ft_universal_macd,mean_reversion,1d,-0.06745,-0.78599,-0.93111,-0.39598,-0.17034,0.08422,0.01174,-0.35920,-0.27174,-0.05497,-0.41041,0.05434,4.63469,0.40198,0.10000,0.30000,20
ft_binhv45,mean_reversion,1d,-0.01405,-0.79625,-0.83622,-0.09807,-0.14324,0.01757,0.00191,-0.08621,-0.19598,-0.00838,-0.07181,0.00010,1.11819,0.73741,0.05000,0.30000,20
ft_adx_momentum,trend,1d,-0.17695,-0.84016,-0.95345,-0.77533,-0.22823,0.20558,0.00915,-0.71091,-0.27624,-0.18623,-0.78810,0.12464,41.05227,0.94850,0.00000,0.10000,20
ft_combined_binh_cluc,mean_reversion,1d,-0.16744,-1.32043,-1.60763,-0.70765,-0.23661,0.13208,0.00022,-0.68894,-0.76520,-0.14877,-0.63876,0.03246,15.97439,0.42679,0.00000,0.15000,20
ft_clucmay72018,mean_reversion,1d,-0.22574,-2.88405,-2.89247,-0.80537,-0.28029,0.08733,0.00000,-0.80415,-1.84161,-0.21862,-0.70787,0.00250,13.06717,0.55035,0.00000,0.10000,20
trend_bot_v1,ensemble,1h,0.70076,1.47521,2.21261,-0.40507,1.72996,0.42064,0.99986,28.54105,0.96678,0.57277,-0.70335,0.34773,22.81259,0.24198,0.60000,0.75000,20
golden_cross_50_200,trend,1h,0.84218,1.47508,2.29986,-0.48509,1.73615,0.49825,0.99991,48.15733,0.80051,0.66413,-0.74432,0.48884,26.70898,0.32614,0.70000,0.75000,20
ft_multi_ma,trend,1h,0.27717,1.38969,2.66476,-0.16825,1.64731,0.18866,0.99994,3.75732,0.68666,0.16817,-0.44507,0.08907,20.01272,0.41799,0.40000,0.50000,20
own_v05_fast_trend,ensemble,1h,0.57377,1.32127,2.00508,-0.50261,1.14158,0.40582,0.99953,17.01216,0.87681,0.52833,-0.69054,0.39567,41.63120,0.21770,0.55000,0.75000,20
own_v04_vol_target,ensemble,1h,0.15824,1.07957,1.57423,-0.26989,0.58631,0.14598,0.99646,1.55113,0.72887,0.18000,-0.37442,0.15835,35.08796,0.14428,0.55000,0.50000,20
dca_bot,bot,1h,0.64260,1.07898,1.52577,-0.77238,0.83197,0.67166,0.99644,22.66429,0.73357,0.39063,-0.86894,0.76345,234.19296,0.99910,0.55000,0.50000,20
buy_hold,benchmark,1h,0.58828,0.97668,1.37918,-0.88964,0.66126,0.85394,0.99253,18.09788,0.63015,0.41818,-0.93411,1.00000,0.20165,0.55000,0.00000,0.00000,20
own_v03_slow_trend,ensemble,1h,0.33385,0.91973,1.34712,-0.60584,0.55106,0.40181,0.98901,5.27494,0.53530,0.31248,-0.78086,0.35970,35.08796,0.12933,0.45000,0.50000,20
own_v01_all_bots,ensemble,1h,0.15001,0.74064,1.11882,-0.40998,0.36589,0.22192,0.96972,1.43778,0.56471,0.17686,-0.54345,0.26886,0.20165,0.65000,0.30000,0.50000,20
grid_bot,bot,1h,0.23956,0.72669,0.92344,-0.67811,0.35328,0.42044,0.96211,2.93201,0.46023,0.19203,-0.75776,0.45731,2324.83123,0.99070,0.25000,0.45000,20
supertrend_10_3,trend,1h,0.21164,0.62749,1.04939,-0.77648,0.27257,0.50749,0.94653,2.40048,0.39725,-0.02011,-0.87513,0.49024,92.84370,0.34290,0.00000,0.10000,20
ichimoku,trend,1h,0.18699,0.61287,1.09534,-0.67466,0.27716,0.42116,0.94384,1.98282,0.17543,0.05438,-0.84358,0.35366,153.82921,0.31891,0.00000,0.10000,20
sma200_filter,trend,1h,0.14606,0.51980,0.82939,-0.71636,0.20389,0.49854,0.90746,1.38488,0.19953,0.04790,-0.88804,0.48825,151.47305,0.11303,0.00000,0.05000,20
ema_cross_12_26,trend,1h,0.13345,0.49796,0.83222,-0.80211,0.16638,0.52351,0.89794,1.22246,0.03915,-0.00189,-0.91973,0.49388,154.43394,0.26380,0.00000,0.00000,20
keltner_breakout,breakout,1h,0.09623,0.47851,0.91777,-0.41848,0.22994,0.26242,0.89346,0.79629,0.15316,0.01146,-0.75753,0.17147,85.12864,0.32943,0.00000,0.15000,20
hull_trend,trend,1h,0.10967,0.45390,0.77828,-0.84010,0.13055,0.51443,0.87770,0.94147,0.14849,-0.05294,-0.92391,0.49761,205.31789,0.30948,0.00000,0.00000,20
turtle_55_20,breakout,1h,0.09398,0.43810,0.75306,-0.64831,0.14497,0.32026,0.86957,0.77298,0.08947,-0.05375,-0.84653,0.23180,66.14787,0.23853,0.00000,0.00000,20
ml_freqai_lightgbm,ml,1h,0.08313,0.43730,0.59734,-0.55495,0.14980,0.26216,0.86183,0.66380,0.15557,0.01809,-0.75951,0.16125,147.00881,0.50333,0.10000,0.30000,20
sma_cross_10_20,trend,1h,0.08503,0.41240,0.69900,-0.86752,0.09802,0.52531,0.85435,0.68252,0.05289,-0.05790,-0.92341,0.49287,246.75065,0.32820,0.05000,0.05000,20
own_v02_follow_best,ensemble,1h,0.03805,0.28819,0.43008,-0.44470,0.08556,0.19612,0.76721,0.26879,0.15138,0.04709,-0.65839,0.18516,86.59843,0.44332,0.05000,0.30000,20
bollinger_reversion,mean_reversion,1h,-0.04881,0.22908,0.30396,-0.91808,-0.05316,0.61832,0.71930,-0.27313,-0.02764,-0.16918,-0.91296,0.51089,101.14064,0.62242,0.00000,0.10000,20
connors_rsi2,mean_reversion,1h,0.02228,0.22105,0.29411,-0.53883,0.04135,0.15228,0.71103,0.15082,-0.24347,-0.05461,-0.64479,0.06499,175.54199,0.58179,0.00000,0.25000,20
ft_supertrend,trend,1h,-0.01135,0.20547,0.29137,-0.67827,-0.01674,0.45609,0.69758,-0.07021,0.15517,-0.07914,-0.85562,0.42761,117.52931,0.56495,0.05000,0.10000,20
chandelier_exit,trend,1h,-0.03544,0.18223,0.30050,-0.83807,-0.04229,0.51436,0.67816,-0.20550,-0.14170,-0.23367,-0.93951,0.49906,128.15612,0.31544,0.00000,0.00000,20
tsmom_90,trend,1h,-0.05155,0.15445,0.23486,-0.80979,-0.06366,0.51486,0.65183,-0.28639,0.03949,-0.09541,-0.92456,0.49719,213.26710,0.23171,0.00000,0.05000,20
wavetrend_cross,mean_reversion,1h,-0.10276,0.10718,0.14196,-0.85776,-0.11980,0.57537,0.60635,-0.49906,0.11418,-0.15187,-0.88724,0.49612,28.17922,0.59601,0.05000,0.10000,20
rsi_gekko,mean_reversion,1h,-0.16316,-0.01967,-0.02527,-0.90819,-0.17966,0.56860,0.48018,-0.67877,-0.04634,-0.23613,-0.91319,0.50314,30.03823,0.60910,0.05000,0.05000,20
stochrsi_gekko,mean_reversion,1h,-0.17984,-0.09011,-0.11487,-0.96144,-0.18705,0.53872,0.40975,-0.71747,-0.38004,-0.36407,-0.97841,0.48558,311.35042,0.55230,0.00000,0.05000,20
bollinger_breakout,breakout,1h,-0.08552,-0.09081,-0.16993,-0.75413,-0.11340,0.34519,0.40983,-0.43444,-0.16690,-0.19808,-0.88630,0.27555,161.08757,0.30604,0.00000,0.00000,20
ft_trend_following,trend,1h,-0.32787,-0.20672,-0.26576,-0.95819,-0.34217,0.70043,0.29995,-0.92057,-0.06698,-0.30303,-0.96299,0.85583,55.92074,0.83223,0.00000,0.05000,20
ft_strategy002,mean_reversion,1h,-0.00554,-0.23661,-0.28801,-0.08595,-0.06445,0.02241,0.26991,-0.03479,-0.23176,-0.01185,-0.11432,0.00385,1.89471,0.77868,0.15000,0.35000,20
turtle_20_10,breakout,1h,-0.16289,-0.27177,-0.47799,-0.83464,-0.19516,0.38608,0.24918,-0.67810,-0.20240,-0.26855,-0.91386,0.32691,129.63306,0.28029,0.00000,0.00000,20
ft_bband_rsi,mean_reversion,1h,-0.24796,-0.35114,-0.42667,-0.92970,-0.26671,0.47612,0.18342,-0.83745,-0.13343,-0.23157,-0.90033,0.43995,36.03040,0.65258,0.00000,0.10000,20
ft_strategy004,mean_reversion,1h,-0.03972,-0.44357,-0.51770,-0.24723,-0.16068,0.08342,0.11837,-0.22773,-0.20506,-0.03899,-0.35553,0.01540,16.14548,0.83871,0.10000,0.30000,20
adx_trend,trend,1h,-0.18686,-0.47725,-0.82023,-0.78241,-0.23882,0.32502,0.12046,-0.73252,-0.32503,-0.25895,-0.92538,0.25533,128.87476,0.26108,0.00000,0.00000,20
ft_strategy003,mean_reversion,1h,-0.01379,-0.48713,-0.52682,-0.10786,-0.12781,0.02770,0.06526,-0.08470,-0.38650,-0.02024,-0.17322,0.00638,3.76362,0.80758,0.10000,0.35000,20
ft_strategy005,mean_reversion,1h,-0.04067,-0.52505,-0.60386,-0.34343,-0.11843,0.07380,0.07440,-0.23258,-0.39101,-0.05842,-0.42521,0.03052,9.03471,0.79667,0.05000,0.35000,20
macd_gekko,trend,1h,-0.36238,-0.58416,-0.92514,-0.96652,-0.37493,0.53233,0.07438,-0.94324,-0.61350,-0.42068,-0.98486,0.50101,341.12814,0.31447,0.00000,0.00000,20
ft_universal_macd,mean_reversion,1h,-0.25441,-0.68709,-0.81120,-0.89845,-0.28316,0.33981,0.03418,-0.84613,-0.37139,-0.25580,-0.90106,0.23006,75.96475,0.44934,0.00000,0.05000,20
cci_gekko,mean_reversion,1h,-0.43393,-0.69934,-0.82775,-0.98674,-0.43976,0.56929,0.03331,-0.97343,-0.56010,-0.43485,-0.98266,0.50295,166.00998,0.60850,0.00000,0.00000,20
ft_adx_smas,trend,1h,-0.39499,-0.73186,-0.88956,-0.97310,-0.40591,0.50353,0.02651,-0.95939,-0.46032,-0.41829,-0.97240,0.43691,127.64413,0.45295,0.00000,0.00000,20
ft_binhv45,mean_reversion,1h,-0.06746,-0.95360,-1.04367,-0.42490,-0.15876,0.07057,0.00209,-0.35934,-0.59537,-0.08664,-0.40468,0.00564,17.82322,0.74119,0.00000,0.25000,20
squeeze_momentum,breakout,1h,-0.20655,-1.09704,-1.87804,-0.81343,-0.25392,0.19400,0.00578,-0.77122,-0.55932,-0.24447,-0.83905,0.11753,129.11242,0.32545,0.00000,0.05000,20
ft_hlhb,trend,1h,-0.26110,-1.34047,-1.65733,-0.86351,-0.30237,0.20912,0.00021,-0.85472,-0.62139,-0.25848,-0.87537,0.18411,56.21744,0.63541,0.00000,0.05000,20
ft_strategy001,trend,1h,-0.17700,-1.38499,-1.69834,-0.77272,-0.22906,0.13408,0.00013,-0.71116,-0.64419,-0.20644,-0.76659,0.16785,57.94025,0.87316,0.00000,0.15000,20
williams_r,mean_reversion,1h,-0.57495,-1.44496,-1.64727,-0.99644,-0.57701,0.50019,0.00003,-0.99572,-1.13751,-0.57605,-0.99200,0.44219,202.99980,0.59467,0.00000,0.00000,20
ft_combined_binh_cluc,mean_reversion,1h,-0.38869,-1.45412,-1.62261,-0.97942,-0.39686,0.30494,0.00002,-0.95662,-1.09124,-0.40338,-0.95484,0.09451,98.61413,0.53025,0.00000,0.00000,20
parabolic_sar,trend,1h,-0.62688,-1.65026,-2.40823,-0.99845,-0.62785,0.51662,0.00003,-0.99814,-1.07400,-0.63773,-0.99671,0.50027,343.63338,0.34499,0.00000,0.00000,20
tsmom_30,trend,1h,-0.65901,-1.74868,-2.53126,-0.99916,-0.65956,0.53322,0.00001,-0.99895,-1.28263,-0.68454,-0.99922,0.50209,391.03085,0.21982,0.00000,0.00000,20
ft_adx_momentum,trend,1h,-0.48221,-1.75287,-2.18027,-0.98595,-0.48908,0.34098,0.00000,-0.98495,-0.95265,-0.48068,-0.97444,0.35158,272.36843,0.86978,0.00000,0.00000,20
ml_lorentzian_knn,ml,1h,-0.24377,-1.83623,-2.45253,-0.85520,-0.28504,0.14627,0.00000,-0.83158,-1.05834,-0.28549,-0.86338,0.06402,225.73595,0.45354,0.00000,0.00000,20
ft_sample_strategy,mean_reversion,1h,-0.30022,-1.88359,-2.03149,-0.90619,-0.33129,0.18054,0.00000,-0.89730,-0.92239,-0.26342,-0.83392,0.10679,48.18485,0.85230,0.00000,0.05000,20
ft_clucmay72018,mean_reversion,1h,-0.28103,-2.15626,-2.23049,-0.89388,-0.31440,0.14772,0.00000,-0.87797,-1.45534,-0.28106,-0.85772,0.01895,69.27680,0.75017,0.00000,0.05000,20
heikin_ashi_trend,trend,1h,-0.76601,-3.44964,-4.78614,-0.99991,-0.76608,0.39757,0.00000,-0.99990,-1.98160,-0.77783,-0.99981,0.35002,476.71342,0.27804,0.00000,0.00000,20
ut_bot,trend,1h,-0.85914,-3.50204,-4.60756,-1.00000,-0.85914,0.51973,0.00000,-1.00000,-2.19213,-0.85170,-0.99997,0.51499,495.32342,0.30587,0.00000,0.00000,20
ml_logistic,ml,1h,-0.77802,-3.64891,-4.04556,-0.99993,-0.77807,0.38997,0.00000,-0.99993,-2.90272,-0.83133,-0.99995,0.32722,832.07617,0.50584,0.00000,0.00000,20
ml_lstm,ml,1h,-0.77279,-3.68162,-4.09020,-0.99992,-0.77285,0.38125,0.00000,-0.99992,-2.70679,-0.82392,-0.99984,0.28790,839.51816,0.51492,0.00000,0.00000,20
ml_random_forest,ml,1h,-0.83176,-4.38063,-4.71958,-0.99999,-0.83177,0.38793,0.00000,-0.99999,-3.25045,-0.86766,-0.99999,0.29887,923.88500,0.49080,0.00000,0.00000,20
ml_ar_forecast,ml,1h,-0.94044,-7.04770,-7.16175,-1.00000,-0.94044,0.38762,0.00000,-1.00000,-5.20097,-0.95945,-1.00000,0.31034,1281.90258,0.42579,0.00000,0.00000,20
ichimoku,trend,4h,0.80136,1.64960,2.72672,-0.29831,2.68635,0.40668,0.99999,41.61239,0.82177,0.61328,-0.68850,0.34721,34.97246,0.35566,0.70000,0.65000,20
trend_bot_v1,ensemble,4h,0.77795,1.56168,2.31636,-0.44230,1.75887,0.42794,0.99993,38.20280,1.01803,0.67572,-0.64488,0.34206,12.22331,0.30716,0.75000,0.80000,20
own_v05_fast_trend,ensemble,4h,0.71334,1.49510,2.22094,-0.47733,1.49444,0.41969,0.99989,29.96269,1.00910,0.67276,-0.65901,0.38651,16.17635,0.19006,0.75000,0.80000,20
hull_trend,trend,4h,0.86812,1.49072,2.45737,-0.50724,1.71145,0.50356,0.99994,52.74013,0.83213,0.70788,-0.72393,0.50164,49.33217,0.34590,0.75000,0.80000,20
golden_cross_50_200,trend,4h,0.86866,1.45206,2.12606,-0.64677,1.34308,0.52793,0.99983,52.84008,0.98247,0.65312,-0.78009,0.46112,6.26476,0.38081,0.75000,0.90000,20
sma200_filter,trend,4h,0.79627,1.41436,2.12724,-0.57479,1.38532,0.50514,0.99978,40.85115,0.85325,0.57828,-0.80355,0.45944,32.42452,0.13919,0.65000,0.80000,20
ema_cross_12_26,trend,4h,0.77996,1.39580,2.19138,-0.49418,1.57828,0.50389,0.99981,38.48610,0.83614,0.56373,-0.76287,0.48724,36.73723,0.28441,0.70000,0.75000,20
sma_cross_10_20,trend,4h,0.75096,1.35589,2.16702,-0.57935,1.29621,0.50758,0.99974,34.56069,0.70693,0.49566,-0.78055,0.49919,61.62772,0.35245,0.55000,0.75000,20
bollinger_breakout,breakout,4h,0.50379,1.30280,2.09118,-0.40048,1.25794,0.36481,0.99933,12.47798,0.69763,0.33948,-0.68359,0.26712,39.01082,0.33946,0.45000,0.50000,20
tsmom_90,trend,4h,0.70129,1.26545,1.87776,-0.50867,1.37868,0.53316,0.99920,28.59967,0.81039,0.53436,-0.81896,0.48510,47.55233,0.28604,0.65000,0.75000,20
keltner_breakout,breakout,4h,0.40329,1.26314,1.95580,-0.29346,1.37425,0.30616,0.99864,7.67196,0.82650,0.32632,-0.64011,0.18024,22.13201,0.36789,0.35000,0.60000,20
supertrend_10_3,trend,4h,0.62522,1.21015,1.84070,-0.46114,1.35582,0.50931,0.99876,21.11248,0.75572,0.52420,-0.76674,0.48357,22.76085,0.36445,0.60000,0.65000,20
heikin_ashi_trend,trend,4h,0.46538,1.18847,2.09994,-0.55120,0.84430,0.38198,0.99910,10.42853,0.53741,0.22673,-0.76553,0.32697,109.85752,0.33829,0.25000,0.30000,20
turtle_55_20,breakout,4h,0.42739,1.17569,1.81792,-0.34230,1.24857,0.35686,0.99852,8.66619,0.57034,0.31214,-0.65231,0.24234,16.58106,0.26302,0.55000,0.65000,20
own_v04_vol_target,ensemble,4h,0.18012,1.14493,1.64511,-0.23572,0.76413,0.15524,0.99765,1.87449,0.83242,0.20447,-0.35504,0.16400,17.15015,0.19182,0.65000,0.55000,20
chandelier_exit,trend,4h,0.50832,1.06369,1.62010,-0.50265,1.01128,0.50865,0.99622,12.73932,0.71503,0.39095,-0.74379,0.47816,30.84500,0.34371,0.40000,0.55000,20
own_v03_slow_trend,ensemble,4h,0.41296,1.04466,1.51667,-0.53793,0.76769,0.41395,0.99511,8.06009,0.65760,0.39288,-0.74679,0.35965,17.15015,0.16875,0.50000,0.60000,20
turtle_20_10,breakout,4h,0.39062,1.00896,1.58843,-0.49904,0.78274,0.40934,0.99506,7.18471,0.52779,0.31190,-0.78104,0.33350,30.84309,0.30781,0.45000,0.45000,20
own_v01_all_bots,ensemble,4h,0.21125,1.00205,1.45809,-0.33254,0.63525,0.21424,0.99394,2.39344,0.75884,0.24986,-0.44685,0.25144,0.20167,0.90000,0.55000,0.55000,20
buy_hold,benchmark,4h,0.59457,0.97591,1.39759,-0.89164,0.66683,0.87338,0.99280,18.58522,0.63979,0.42722,-0.93335,1.00000,0.20167,0.55000,0.00000,0.00000,20
dca_bot,bot,4h,0.52681,0.96418,1.39938,-0.77885,0.67640,0.67681,0.99260,13.84897,0.63840,0.29627,-0.85739,0.75459,144.55477,0.99864,0.50000,0.50000,20
tsmom_30,trend,4h,0.41405,0.93697,1.46162,-0.66743,0.62037,0.50509,0.99152,8.10482,0.66630,0.30126,-0.83809,0.49357,91.12712,0.29083,0.30000,0.60000,20
grid_bot,bot,4h,0.35456,0.91966,1.19990,-0.69989,0.50660,0.43562,0.98753,5.92259,0.65743,0.32126,-0.71782,0.45904,1701.01005,0.98954,0.40000,0.55000,20
ft_multi_ma,trend,4h,0.20046,0.90488,1.41812,-0.36535,0.54869,0.23137,0.98963,2.20536,0.44598,0.16748,-0.56803,0.10465,10.99470,0.54005,0.20000,0.45000,20
squeeze_momentum,breakout,4h,0.18059,0.89525,1.54040,-0.41637,0.43371,0.20973,0.99051,1.88169,0.18018,0.01625,-0.58402,0.11241,31.90928,0.37426,0.10000,0.35000,20
adx_trend,trend,4h,0.26946,0.86418,1.34019,-0.45054,0.59807,0.34644,0.98377,3.57721,0.57766,0.32235,-0.70713,0.25561,31.57858,0.30933,0.30000,0.45000,20
own_v02_follow_best,ensemble,4h,0.16579,0.81050,1.19765,-0.39990,0.41458,0.21884,0.97941,1.65909,0.33374,0.15721,-0.62408,0.20871,37.90958,0.46059,0.15000,0.40000,20
macd_gekko,trend,4h,0.27755,0.72451,1.15622,-0.71805,0.38653,0.52896,0.96801,3.76641,0.43279,0.11470,-0.85182,0.51312,84.24025,0.34436,0.00000,0.00000,20
parabolic_sar,trend,4h,0.23757,0.66851,1.06253,-0.73157,0.32474,0.52084,0.95529,2.89199,0.44444,0.05254,-0.87749,0.49714,84.20624,0.36994,0.00000,0.05000,20
ft_supertrend,trend,4h,0.14874,0.53902,0.71265,-0.63283,0.23503,0.46428,0.90741,1.42062,0.51945,0.13337,-0.78215,0.41526,69.05420,0.60190,0.20000,0.40000,20
ml_freqai_lightgbm,ml,4h,0.13157,0.53233,0.76044,-0.60556,0.21726,0.34242,0.91083,1.19900,0.27091,0.01260,-0.79660,0.28610,93.41657,0.50025,0.05000,0.25000,20
ut_bot,trend,4h,-0.00112,0.25901,0.41200,-0.77994,-0.00143,0.52591,0.74419,-0.00709,0.09963,-0.14701,-0.91687,0.49453,115.17659,0.34928,0.00000,0.00000,20
wavetrend_cross,mean_reversion,4h,-0.04889,0.18478,0.26709,-0.74211,-0.06588,0.55195,0.67990,-0.27353,0.08300,-0.09681,-0.86193,0.47802,7.20388,0.60296,0.05000,0.20000,20
stochrsi_gekko,mean_reversion,4h,-0.06520,0.16238,0.22875,-0.90963,-0.07168,0.57109,0.66021,-0.34938,0.12535,-0.13157,-0.90494,0.48420,76.22491,0.56910,0.05000,0.10000,20
connors_rsi2,mean_reversion,4h,0.00576,0.12357,0.14997,-0.33518,0.01718,0.17697,0.62077,0.03729,0.04260,-0.01701,-0.50346,0.08190,41.73544,0.61488,0.15000,0.25000,20
ft_hlhb,trend,4h,0.00569,0.10757,0.16096,-0.15084,0.03771,0.09141,0.60738,0.03683,-0.00908,-0.01399,-0.42661,0.07908,14.32987,0.63544,0.10000,0.30000,20
bollinger_reversion,mean_reversion,4h,-0.12844,0.07349,0.09932,-0.88372,-0.14534,0.59705,0.57353,-0.58374,-0.02523,-0.19611,-0.89971,0.50524,23.70988,0.58775,0.00000,0.00000,20
ft_adx_smas,trend,4h,-0.10227,-0.02116,-0.02824,-0.80418,-0.12717,0.44013,0.47869,-0.49732,0.15354,-0.07453,-0.82854,0.37883,40.22845,0.53171,0.05000,0.25000,20
ft_strategy003,mean_reversion,4h,-0.00044,-0.03088,-0.03828,-0.03095,-0.01422,0.01194,0.46874,-0.00280,0.21834,-0.00113,-0.07508,0.00229,0.95196,0.81119,0.25000,0.30000,20
ft_strategy002,mean_reversion,4h,-0.00047,-0.04192,-0.05211,-0.01888,-0.02476,0.00997,0.45746,-0.00298,0.38403,-0.00218,-0.03056,0.00116,0.58211,0.83684,0.20000,0.35000,20
rsi_gekko,mean_reversion,4h,-0.18468,-0.07342,-0.10260,-0.90516,-0.20403,0.56872,0.42653,-0.72792,-0.04171,-0.16098,-0.89427,0.48576,8.11475,0.57398,0.00000,0.05000,20
ml_logistic,ml,4h,-0.10787,-0.08008,-0.10239,-0.91048,-0.11847,0.40040,0.41968,-0.51698,-0.14267,-0.21062,-0.95587,0.36974,244.94871,0.55151,0.00000,0.10000,20
ft_trend_following,trend,4h,-0.16296,-0.11036,-0.14616,-0.85843,-0.18983,0.49373,0.39010,-0.67828,0.09396,-0.19097,-0.91265,0.63780,35.82609,0.83182,0.00000,0.10000,20
ml_lstm,ml,4h,-0.12592,-0.11906,-0.14783,-0.83664,-0.15050,0.40799,0.38118,-0.57598,-0.18880,-0.22207,-0.91168,0.33764,171.91810,0.60503,0.00000,0.10000,20
ft_strategy005,mean_reversion,4h,-0.00538,-0.22147,-0.28198,-0.07717,-0.06971,0.02314,0.28510,-0.03380,0.01109,-0.01257,-0.12536,0.00340,1.33689,0.77315,0.20000,0.35000,20
cci_gekko,mean_reversion,4h,-0.27235,-0.22728,-0.30056,-0.95206,-0.28606,0.59807,0.28277,-0.86826,-0.16531,-0.32490,-0.94188,0.49875,39.42663,0.61533,0.00000,0.00000,20
ft_adx_momentum,trend,4h,-0.10672,-0.23508,-0.30788,-0.70742,-0.15086,0.29392,0.27514,-0.51300,-0.14491,-0.16286,-0.84902,0.27921,125.73026,0.93715,0.05000,0.15000,20
ml_lorentzian_knn,ml,4h,-0.04430,-0.24881,-0.33014,-0.38052,-0.11642,0.14159,0.26368,-0.25089,-0.00569,-0.01720,-0.53926,0.07045,56.06764,0.49845,0.00000,0.25000,20
williams_r,mean_reversion,4h,-0.27951,-0.34945,-0.46457,-0.93922,-0.29760,0.53025,0.18838,-0.87632,-0.30255,-0.29414,-0.94243,0.42547,48.18126,0.62070,0.00000,0.05000,20
ft_bband_rsi,mean_reversion,4h,-0.24111,-0.49081,-0.62127,-0.88861,-0.27133,0.39664,0.10257,-0.82777,-0.33265,-0.23798,-0.86186,0.31466,13.46195,0.65319,0.00000,0.05000,20
ml_random_forest,ml,4h,-0.24515,-0.50690,-0.62700,-0.92029,-0.26639,0.39549,0.09506,-0.83354,-0.38955,-0.34351,-0.95333,0.34143,259.88052,0.55528,0.00000,0.00000,20
ft_strategy004,mean_reversion,4h,-0.03359,-0.52997,-0.57338,-0.23695,-0.14174,0.06083,0.04393,-0.19571,-0.12004,-0.01603,-0.23734,0.00410,4.29143,0.81056,0.05000,0.35000,20
ft_universal_macd,mean_reversion,4h,-0.13330,-0.73497,-0.91765,-0.67492,-0.19750,0.17383,0.02801,-0.59830,-0.22909,-0.15423,-0.71267,0.15208,36.76950,0.41317,0.00000,0.20000,20
ft_strategy001,trend,4h,-0.06545,-0.96985,-1.18294,-0.37765,-0.17332,0.06743,0.00492,-0.35051,-0.36089,-0.05387,-0.42215,0.05896,16.25574,0.86203,0.10000,0.30000,20
ft_sample_strategy,mean_reversion,4h,-0.10534,-1.02519,-1.18236,-0.53201,-0.19800,0.10327,0.00193,-0.50818,-0.32495,-0.07311,-0.48323,0.03589,15.98822,0.83707,0.05000,0.30000,20
ft_binhv45,mean_reversion,4h,-0.07579,-1.38430,-1.41273,-0.40395,-0.18762,0.05578,0.00000,-0.39497,-0.84790,-0.07759,-0.36942,0.00202,6.50835,0.62157,0.00000,0.25000,20
ml_ar_forecast,ml,4h,-0.44963,-1.39350,-1.78133,-0.98602,-0.45600,0.37654,0.00015,-0.97779,-1.03639,-0.55042,-0.99515,0.33446,359.01871,0.45755,0.00000,0.00000,20
ft_combined_binh_cluc,mean_reversion,4h,-0.37122,-1.67094,-1.86663,-0.95732,-0.38777,0.25706,0.00000,-0.94808,-1.04241,-0.36009,-0.92707,0.09706,55.06761,0.47115,0.00000,0.00000,20
ft_clucmay72018,mean_reversion,4h,-0.40109,-2.96619,-2.96900,-0.96236,-0.41678,0.16776,0.00000,-0.96193,-2.02225,-0.38268,-0.91245,0.01643,45.44251,0.67867,0.00000,0.00000,20
pf_xs_momentum_30d_top5,trend,1d,1.38601,1.49554,2.33377,-0.65281,2.12315,0.78869,0.99993,254.12403,,,,0.67520,,,,,20
pf_xs_momentum_90d_top5,trend,1d,0.54629,0.96495,1.40016,-0.85633,0.63794,0.74942,0.99185,15.07955,,,,0.67688,,,,,20
rotation_v0_plain,ensemble,1d,0.95014,1.25070,1.90113,-0.67304,1.41171,0.77597,0.99920,69.54679,,,,0.67310,,,,,20
rotation_bot_v1,ensemble,1d,1.14168,1.59130,2.57214,-0.48872,2.33605,0.58627,0.99998,127.16364,,,,0.38952,,,,,20
pf_xs_momentum_30d_top5,trend,4h,1.42290,1.50023,2.39148,-0.65998,2.15596,0.80014,0.99995,281.35550,,,,0.67545,,,,,20
pf_xs_momentum_90d_top5,trend,4h,0.54610,0.95740,1.43821,-0.85720,0.63707,0.74081,0.99257,15.09589,,,,0.67442,,,,,20
rotation_v0_plain,ensemble,4h,0.97091,1.25219,1.97174,-0.67461,1.43921,0.78246,0.99941,74.68333,,,,0.67020,,,,,20
rotation_bot_v1,ensemble,4h,1.10621,1.54742,2.54105,-0.52880,2.09194,0.59383,0.99997,114.57811,,,,0.38872,,,,,20
pf_xs_momentum_30d_top5,trend,1h,1.39646,1.51070,2.38974,-0.65887,2.11949,0.77612,0.99995,262.43615,,,,0.67635,,,,,20
pf_xs_momentum_90d_top5,trend,1h,0.54388,0.96305,1.42137,-0.85569,0.63561,0.72842,0.99236,14.95408,,,,0.67444,,,,,20
rotation_v0_plain,ensemble,1h,0.90742,1.22952,1.89847,-0.70676,1.28392,0.75615,0.99917,60.44913,,,,0.66902,,,,,20
rotation_bot_v1,ensemble,1h,1.06212,1.54251,2.55049,-0.50724,2.09393,0.57479,0.99997,100.04130,,,,0.38692,,,,,20
